2,JVP2,34,24212
3,JVP3,972,744941
4,JVP4,42,37671
5,JVP5,85,66133
6,JVP6,61,65821
7,JVP7,60,11478
8,JVP8,183,43889
13,JVP13,123,222398
16,JVP16,125,439520
17,JVP17,1099,1111772
28,JVP28,127,27480
29,JVP29,1131,347820
30,JVP30,1556,1386311
33,JVP33,1524,326998
35,JVP35,329,61056
38,JVP38,3806,1213904
40,JVP40,144,58506
46,JVP46,227,76697
50,JVP50,152,59329
51,JVP51,235,37168
52,JVP52,1319,1280239
53,JVP53,288,157743
58,JVP58,91,50945
59,JVP59,675,6516481
64,JVP64,85,13725
71,JVP71,1070,283748
77,JVP77,692,110841
79,JVP79,387,37174
83,JVP83,253,55971
116,JVP116,152,28117
130,JVP130,74,29656
141,JVP141,138,14714
154,JVP154,371,53713
165,JVP165,37,7463
187,JVP187,24,1602
188,JVP188,22,1484
195,JVP195,38,4177
